City_ID,City,Country,Lat,Lng,Max Temp,Humidity,Cloudiness,Wind Speed,Current Description
0,Charlestown,AU,-32.95,151.6667,77.22,36,0,3.0,clear sky
1,Dikson,RU,73.5069,80.5464,34.39,74,12,25.37,few clouds
2,Ushuaia,AR,-54.8,-68.3,38.86,70,0,0.0,clear sky
3,Vaini,TO,-21.2,-175.2,71.76,94,75,14.97,light rain
4,Chokurdakh,RU,70.6333,147.9167,36.07,52,79,8.01,broken clouds
5,Taltal,CL,-25.4,-70.4833,57.36,81,100,1.1,overcast clouds
6,Mar Del Plata,AR,-38.0023,-57.5575,51.82,100,90,8.05,overcast clouds
7,Shankargarh,IN,25.1833,81.6167,84.31,70,3,4.83,clear sky
8,Castro,BR,-24.7911,-50.0119,63.28,88,40,2.44,scattered clouds
9,Port Lincoln,AU,-34.7333,135.8667,64.92,45,9,26.24,clear sky
10,Bilma,NE,18.6853,12.9164,84.92,17,65,8.66,broken clouds
11,Nenjiang,CN,49.1833,125.2167,54.37,67,35,5.1,scattered clouds
12,Albany,US,42.6001,-73.9662,67.68,77,68,4.43,broken clouds
13,Dingle,PH,10.9995,122.6711,85.84,71,26,1.74,scattered clouds
14,Hilo,US,19.7297,-155.09,78.24,81,21,1.99,few clouds
15,Macusani,PE,-14.0833,-70.4333,36.79,78,43,2.28,scattered clouds
16,Leningradskiy,RU,69.3833,178.4167,28.2,84,93,19.53,overcast clouds
17,Muros,ES,42.7762,-9.0603,60.24,94,58,4.36,broken clouds
18,Jamestown,US,42.097,-79.2353,63.72,88,1,5.75,clear sky
19,Carnarvon,AU,-24.8667,113.6333,71.67,43,0,16.11,clear sky
20,Mataura,NZ,-46.1927,168.8643,52.48,60,100,1.7,light rain
21,Ishigaki,JP,24.3448,124.1572,86.13,79,40,6.91,scattered clouds
22,Rikitea,PF,-23.1203,-134.9692,72.5,77,17,4.83,light rain
23,Nikolskoye,RU,59.7035,30.7861,37.29,85,100,6.73,overcast clouds
24,Jalalabad,AF,34.4265,70.4515,86.63,51,13,2.71,few clouds
25,Bluff,NZ,-46.6,168.3333,52.81,69,100,10.8,moderate rain
26,Huesca,ES,42.1362,-0.4087,54.73,82,0,6.91,clear sky
27,Bethel,US,41.3712,-73.414,73.71,84,38,8.28,scattered clouds
28,Lorengau,PG,-2.0226,147.2712,84.16,73,83,7.74,broken clouds
29,Hobart,AU,-42.8794,147.3294,61.05,59,40,7.0,scattered clouds
30,Lagoa,PT,39.05,-27.9833,66.74,64,41,10.42,scattered clouds
31,College,US,64.8569,-147.8028,44.55,57,75,5.75,broken clouds
32,Khatanga,RU,71.9667,102.5,35.83,58,5,15.77,clear sky
33,Constitucion,CL,-35.3333,-72.4167,48.81,77,17,12.55,few clouds
34,Cape Town,ZA,-33.9258,18.4232,58.1,81,75,5.99,light rain
35,Flin Flon,CA,54.7682,-101.865,55.38,67,88,6.87,overcast clouds
36,Torbay,CA,47.6666,-52.7314,61.57,91,75,19.57,broken clouds
37,Mount Barker,AU,-35.0667,138.8667,64.85,61,36,17.81,scattered clouds
38,Nanortalik,GL,60.1432,-45.2371,41.38,90,100,11.07,light rain
39,Ribeira Brava,PT,32.65,-17.0667,72.23,66,9,7.36,clear sky
40,Nargana,PA,9.4428,-78.5906,81.97,84,99,6.11,overcast clouds
41,Butaritari,KI,3.0707,172.7902,82.92,69,40,16.24,scattered clouds
42,Guerrero Negro,MX,27.9769,-114.0611,69.55,81,8,18.07,clear sky
43,Arraial Do Cabo,BR,-22.9661,-42.0278,70.21,90,7,6.98,clear sky
44,Kodiak,US,57.79,-152.4072,50.67,61,1,4.7,clear sky
45,Gorontalo,ID,0.5412,123.0595,83.55,72,100,5.14,overcast clouds
46,Quelimane,MZ,-17.8786,36.8883,67.95,94,75,6.91,broken clouds
47,Punta Arenas,CL,-53.15,-70.9167,37.51,87,0,9.22,clear sky
48,Alyangula,AU,-13.8483,136.4192,85.87,48,40,9.22,scattered clouds
49,Babusnica,RS,43.0597,22.4117,53.83,86,33,2.46,scattered clouds
50,Qaanaaq,GL,77.484,-69.3632,12.99,75,100,6.69,overcast clouds
51,Pisco,PE,-13.7,-76.2167,60.85,82,90,13.8,overcast clouds
52,Rawson,AR,-43.3002,-65.1023,51.78,51,7,5.41,clear sky
53,Coolum Beach,AU,-26.5333,153.1,84.34,54,2,12.3,clear sky
54,Hithadhoo,MV,-0.6,73.0833,83.26,72,68,6.67,broken clouds
55,Sitka,US,57.0531,-135.33,53.49,82,90,0.0,light rain
56,Egvekinot,RU,66.3167,-179.1667,30.09,92,95,6.53,light snow
57,Salas,ES,43.4118,-6.2602,56.28,85,9,4.56,clear sky
58,Busselton,AU,-33.65,115.3333,60.04,80,65,12.73,broken clouds
59,Shingu,JP,33.7333,135.9833,83.39,65,90,5.17,overcast clouds
60,Beringovskiy,RU,63.05,179.3167,48.02,68,3,3.18,clear sky
61,Bredasdorp,ZA,-34.5322,20.0403,48.27,93,1,5.75,clear sky
62,Cahors,FR,44.4167,1.3333,54.9,99,45,5.23,scattered clouds
63,Ellisras,ZA,-23.6649,27.7443,49.32,84,0,6.89,clear sky
64,Cabo San Lucas,MX,22.8909,-109.9124,84.51,75,35,8.77,scattered clouds
65,Adrar,MR,20.5022,-10.0711,84.02,33,56,12.39,broken clouds
66,Yongan,CN,39.6957,113.6871,59.05,85,100,2.19,light rain
67,Umm Kaddadah,SD,13.6017,26.6876,78.37,56,32,8.9,scattered clouds
68,Bethal,ZA,-26.4579,29.4655,41.56,71,0,4.88,clear sky
69,Geraldton,AU,-28.7667,114.6,70.21,46,5,14.97,clear sky
70,Port Alfred,ZA,-33.5906,26.891,59.65,77,84,28.97,broken clouds
71,Iqaluit,CA,63.7506,-68.5145,33.53,93,90,5.75,overcast clouds
72,Ahuimanu,US,21.4447,-157.8378,87.51,63,40,13.8,scattered clouds
73,Martinez,US,38.0194,-122.1341,67.26,83,75,1.01,broken clouds
74,Barrow,US,71.2906,-156.7887,35.62,80,90,10.36,light snow
75,Atuona,PF,-9.8,-139.0333,77.92,74,14,17.67,few clouds
76,Lebu,CL,-37.6167,-73.65,47.44,80,4,10.16,clear sky
77,Broken Hill,AU,-31.95,141.4333,67.71,19,0,17.27,clear sky
78,Marawi,PH,7.9986,124.2928,76.64,73,48,2.95,scattered clouds
79,Mount Gambier,AU,-37.8333,140.7667,55.31,94,90,21.85,overcast clouds
80,Ardakan,IR,32.31,54.0175,71.98,17,0,5.68,clear sky
81,Ilulissat,GL,69.2167,-51.1,21.22,63,1,0.0,clear sky
82,Sangar,RU,63.9242,127.4739,38.61,71,67,17.72,broken clouds
83,Yellowknife,CA,62.456,-114.3525,46.92,57,75,16.11,broken clouds
84,Sturgeon Falls,CA,46.3646,-79.9326,57.16,62,81,3.31,broken clouds
85,Garda De Sus,RO,46.45,22.8167,47.77,92,98,5.19,overcast clouds
86,Lompoc,US,34.6391,-120.4579,63.57,78,1,10.36,clear sky
87,Chuy,UY,-33.6971,-53.4616,57.25,98,23,5.61,few clouds
88,Angoche,MZ,-16.2325,39.9086,73.51,64,70,17.81,broken clouds
89,Luderitz,NA,-26.6481,15.1594,52.39,88,34,4.83,scattered clouds
90,Puerto Ayora,EC,-0.7393,-90.3518,69.55,93,35,7.0,scattered clouds
91,Vila Velha,BR,-20.3297,-40.2925,73.35,78,0,8.05,clear sky
92,Maldonado,UY,-34.6667,-54.9167,58.39,97,1,5.28,clear sky
93,Berezovyy,RU,51.6667,135.7,58.15,34,41,9.73,scattered clouds
94,Pangnirtung,CA,66.1451,-65.7125,32.49,85,100,4.34,overcast clouds
95,Bengkulu,ID,-3.8004,102.2655,82.08,73,50,11.23,light rain
96,Acapulco,MX,16.8634,-99.8901,82.22,78,90,0.0,overcast clouds
97,Yulara,AU,-25.2406,130.9889,78.64,25,0,11.5,clear sky
98,Longyearbyen,SJ,78.2186,15.6401,46.24,87,75,12.66,light rain
99,Georgetown,MY,5.4112,100.3354,83.89,80,20,3.44,few clouds
100,Saint-Philippe,RE,-21.3585,55.7679,67.55,72,96,16.46,overcast clouds
101,Nuuk,GL,64.1835,-51.7216,34.41,80,12,5.75,few clouds
102,West Monroe,US,32.5185,-92.1476,80.6,84,1,8.05,clear sky
103,Valparaiso,CL,-33.0393,-71.6273,51.44,76,0,3.44,clear sky
104,Hamilton,US,39.1834,-84.5333,77.77,82,1,0.0,clear sky
105,Bubaque,GW,11.2833,-15.8333,80.62,75,100,8.46,light rain
106,Maridi,SS,4.9158,29.4742,65.57,98,97,4.43,overcast clouds
107,Horadiz,AZ,39.4488,47.3353,59.77,72,1,3.71,clear sky
108,Batagay,RU,67.6333,134.6333,32.2,89,100,6.11,overcast clouds
109,Clyde River,CA,70.4692,-68.5914,29.39,84,100,3.02,overcast clouds
110,Vardo,NO,70.3705,31.1107,43.5,77,4,20.65,clear sky
111,Maneromango,TZ,-7.1988,38.7848,65.53,95,32,3.71,scattered clouds
112,Acarau,BR,-2.8856,-40.12,78.19,80,7,18.57,clear sky
113,Thompson,CA,55.7435,-97.8558,55.56,71,75,2.3,broken clouds
114,Narrabri,AU,-30.3167,149.7833,68.09,34,0,4.61,clear sky
115,Port Macquarie,AU,-31.4333,152.9167,69.76,45,0,9.66,clear sky
116,Itaituba,BR,-4.2761,-55.9836,76.69,74,94,1.12,overcast clouds
117,Kununurra,AU,-15.7667,128.7333,91.38,43,43,8.05,scattered clouds
118,Shieli,KZ,44.1667,66.75,64.69,25,1,10.96,clear sky
119,Kasongo-Lunda,CD,-6.4667,16.8167,72.21,74,63,1.77,broken clouds
120,Sao Filipe,CV,14.8961,-24.4956,78.57,84,84,4.25,broken clouds
121,Norman Wells,CA,65.282,-126.8329,51.84,62,75,10.36,broken clouds
122,Upernavik,GL,72.7868,-56.1549,20.61,62,17,5.64,few clouds
123,Severo-Kurilsk,RU,50.6789,156.125,53.49,88,100,13.49,overcast clouds
124,Felanitx,ES,39.4696,3.1483,72.95,81,1,5.68,clear sky
125,Airai,TL,-8.9266,125.4092,77.13,38,19,5.82,few clouds
126,Lagunas,PE,-5.2269,-75.6753,75.83,74,13,2.35,few clouds
127,Kisangani,CD,0.5167,25.2,68.45,98,98,2.1,overcast clouds
128,Port Elizabeth,ZA,-33.918,25.5701,61.09,77,0,14.97,clear sky
129,Kaitangata,NZ,-46.2817,169.8464,55.53,60,100,7.36,light rain
130,Miles City,US,46.4083,-105.8406,82.51,19,1,11.5,clear sky
131,Husavik,IS,66.0449,-17.3389,42.71,81,62,11.07,broken clouds
132,Tasiilaq,GL,65.6145,-37.6368,37.56,66,100,4.99,overcast clouds
133,Port Blair,IN,11.6667,92.75,82.44,89,59,5.75,broken clouds
134,Pevek,RU,69.7008,170.3133,31.5,76,100,15.79,overcast clouds
135,Wagga Wagga,AU,-35.1167,147.3667,65.61,48,40,12.66,scattered clouds
136,Quang Ngai,VN,15.1167,108.8,82.9,78,100,3.91,moderate rain
137,Santa Lucia,ES,27.9117,-15.5407,65.52,76,40,12.66,scattered clouds
138,Berlevag,NO,70.8578,29.0864,41.14,78,0,19.73,clear sky
139,Atambua,ID,-9.1061,124.8925,85.73,44,29,2.17,scattered clouds
140,Cidreira,BR,-30.1811,-50.2056,63.73,94,14,4.63,few clouds
141,Waipawa,NZ,-41.4122,175.5153,52.45,65,34,15.19,scattered clouds
142,Esperance,AU,-33.8667,121.9,58.84,83,97,16.75,light rain
143,Kapaa,US,22.0752,-159.319,85.98,67,40,5.01,scattered clouds
144,Nanae,JP,41.8833,140.6833,73.63,68,20,9.22,few clouds
145,Sorland,NO,67.667,12.6934,51.84,75,100,16.67,overcast clouds
146,Havoysund,NO,70.9963,24.6622,43.68,74,98,9.8,overcast clouds
147,Diplo,PK,24.4667,69.584,85.55,72,77,14.76,broken clouds
148,Sambava,MG,-14.2667,50.1667,71.51,84,100,6.55,overcast clouds
149,Ratnagiri,IN,16.9833,73.3,78.93,85,62,6.71,broken clouds
150,Iskateley,RU,67.6803,53.1512,38.01,75,100,16.82,overcast clouds
151,Puerto Del Rosario,ES,28.5004,-13.8627,73.15,83,88,14.97,overcast clouds
152,Avarua,CK,-21.2078,-159.775,77.05,69,20,17.27,few clouds
153,Ambon,ID,-3.6954,128.1814,89.74,58,20,3.44,few clouds
154,Fukue,JP,32.6881,128.8419,79.16,73,40,14.97,scattered clouds
155,Sola,VU,-13.8833,167.55,79.75,79,14,21.85,few clouds
156,Sinnamary,GF,5.3833,-52.95,78.46,87,63,6.76,broken clouds
157,Gold Coast,AU,-28.0,153.4333,87.17,51,24,14.97,few clouds
158,East London,ZA,-33.0153,27.9116,59.88,77,72,23.91,light rain
159,Bundaberg,AU,-24.85,152.35,80.22,49,2,7.0,clear sky
160,Naze,JP,28.3667,129.4833,83.32,66,10,3.91,clear sky
161,Hare Bay,CA,48.8499,-54.0148,65.55,88,100,12.08,overcast clouds
162,Fairbanks,US,64.8378,-147.7164,44.56,58,90,8.05,overcast clouds
163,Saskylakh,RU,71.9167,114.0833,30.88,82,37,3.69,scattered clouds
164,Bathsheba,BB,13.2167,-59.5167,75.81,88,20,3.44,few clouds
165,Beyneu,KZ,45.3167,55.2,55.29,46,1,7.31,clear sky
166,Padang,ID,-0.9492,100.3543,80.65,94,100,2.48,overcast clouds
167,Chamba,IN,32.5667,76.1333,75.16,90,80,2.17,broken clouds
168,Tirumullaivasal,IN,11.2333,79.8333,85.06,68,100,7.63,overcast clouds
169,Carballo,ES,43.213,-8.691,57.9,90,65,2.93,broken clouds
170,Shahdadkot,PK,27.8477,67.9055,95.92,37,5,6.62,clear sky
171,Santo Tomas,PH,14.1079,121.1414,80.85,73,100,7.61,overcast clouds
172,Bezlyudivka,UA,49.8718,36.2952,55.83,88,75,8.95,broken clouds
173,Harper,LR,4.375,-7.7169,76.69,87,59,7.99,light rain
174,New Norfolk,AU,-42.7826,147.0587,60.71,68,84,4.0,broken clouds
175,Alihe,CN,50.5667,123.7167,57.13,43,0,3.85,clear sky
176,Paita,PE,-5.0892,-81.1144,63.84,82,2,12.35,clear sky
177,Riviere-Au-Renard,CA,48.9957,-64.3971,53.6,71,99,14.45,overcast clouds
178,Caxito,AO,-8.5785,13.6643,67.46,89,22,1.54,few clouds
179,Hervey Bay,AU,-25.2986,152.8535,80.04,64,3,9.33,clear sky
180,Dangriga,BZ,16.9692,-88.2321,82.98,82,86,10.25,overcast clouds
181,Jupiter,US,26.9342,-80.0942,83.08,90,100,3.44,overcast clouds
182,Garden City,US,42.3256,-83.331,66.45,57,20,1.99,few clouds
183,Ribeira Grande,PT,38.5167,-28.7,68.02,69,68,6.51,broken clouds
184,Chumikan,RU,54.7183,135.315,53.08,46,93,19.8,overcast clouds
185,Ca Mau,VN,9.1769,105.15,86.76,65,100,8.95,overcast clouds
186,Neiafu,TO,-18.65,-173.9833,83.08,78,75,8.05,light rain
187,Caucaia,BR,-3.7361,-38.6531,80.55,73,40,13.8,scattered clouds
188,Khani,GE,41.9563,42.9566,53.17,76,37,5.91,scattered clouds
189,Ponta Do Sol,PT,32.6667,-17.1,72.23,65,12,7.18,few clouds
190,Codrington,AU,-38.2667,141.9667,53.06,91,100,20.02,light rain
191,Cherskiy,RU,68.75,161.3,35.04,55,21,13.8,few clouds
192,Cerkezkoy,TR,41.285,28.0003,59.18,100,0,2.3,clear sky
193,Te Anau,NZ,-45.4167,167.7167,44.69,93,100,3.13,overcast clouds
194,Nome,US,64.5011,-165.4064,48.16,71,75,12.66,broken clouds
195,Krasnoborsk,RU,61.5598,45.934,34.93,85,100,6.33,light rain
196,Vestmannaeyjar,IS,63.4427,-20.2734,50.4,88,15,19.42,few clouds
197,Tukrah,LY,32.5341,20.5791,78.91,44,0,2.53,clear sky
198,Celestun,MX,20.8667,-90.4,81.91,82,69,13.33,broken clouds
199,Talnakh,RU,69.4865,88.3972,40.95,97,100,4.16,light rain
200,Hermanus,ZA,-34.4187,19.2345,56.89,76,2,5.39,clear sky
201,Nishihara,JP,26.1842,127.7558,85.28,75,20,8.05,few clouds
202,Victoria,HK,22.2855,114.1577,91.96,80,58,3.0,broken clouds
203,Beira,MZ,-19.8436,34.8389,71.69,64,40,14.97,scattered clouds
204,Vaitape,PF,-16.5167,-151.75,78.03,76,44,18.16,light rain
205,Phangnga,TH,8.4509,98.5298,84.24,68,93,3.74,overcast clouds
206,San Cristobal,VE,7.7669,-72.225,77.18,97,100,3.31,overcast clouds
207,Dunedin,NZ,-45.8742,170.5036,50.81,79,100,10.0,overcast clouds
208,Bindura,ZW,-17.3019,31.3306,55.02,90,1,2.15,clear sky
209,Ilembula,TZ,-8.9,34.5833,57.06,78,18,5.66,few clouds
210,Tiksi,RU,71.6872,128.8694,34.38,74,100,18.21,overcast clouds
211,Kruisfontein,ZA,-34.0033,24.7314,49.89,76,3,3.47,clear sky
212,Jaguaquara,BR,-13.5306,-39.9708,57.09,98,13,1.48,few clouds
213,The Valley,AI,18.217,-63.0578,82.81,73,2,13.29,clear sky
214,Sinjai,ID,-5.1241,120.253,82.98,64,99,6.55,light rain
215,Sobolevo,RU,54.4299,31.8996,42.26,94,100,17.92,light rain
216,Samarai,PG,-10.6167,150.6667,78.6,87,100,19.22,overcast clouds
217,Shumskiy,RU,54.8318,99.1328,59.72,68,77,2.59,broken clouds
218,Jiuquan,CN,39.7432,98.5174,75.96,18,41,18.81,scattered clouds
219,Uren,RU,57.4552,45.7852,31.15,93,3,4.99,clear sky
220,Bambous Virieux,MU,-20.3428,57.7575,70.21,88,75,11.5,light rain
221,Saint George,US,37.1041,-113.5841,75.63,61,1,1.01,clear sky
222,Southbridge,US,42.0751,-72.0334,70.12,95,75,4.59,broken clouds
223,Victor Harbor,AU,-35.5667,138.6167,66.72,59,17,4.0,few clouds
224,Walvis Bay,NA,-22.9575,14.5053,51.1,87,0,3.44,clear sky
225,Binga,ZW,-17.6203,27.3414,69.24,69,41,13.69,scattered clouds
226,Korla,CN,41.7597,86.1469,79.79,18,0,1.45,clear sky
227,Faanui,PF,-16.4833,-151.75,78.04,75,45,18.05,light rain
228,Trincomalee,LK,8.5711,81.2335,81.12,79,92,7.47,overcast clouds
229,Mahebourg,MU,-20.4081,57.7,70.25,88,75,11.5,light rain
230,Chino Valley,US,34.7575,-112.4538,72.36,82,90,9.22,overcast clouds
231,Albania,AL,41.0,20.0,67.39,84,24,4.03,few clouds
232,Saldanha,ZA,-33.0117,17.9442,57.25,89,100,20.74,overcast clouds
233,Pilar,BR,-9.5972,-35.9567,71.53,91,29,1.81,scattered clouds
234,Baghmara,IN,23.795,86.2085,83.28,71,96,6.26,overcast clouds
235,Arman,RU,59.7,150.1667,50.59,79,50,5.17,scattered clouds
236,Vostok,RU,46.4856,135.8833,52.18,43,95,8.43,overcast clouds
237,Sidi Ali,DZ,36.0998,0.4206,69.87,72,0,1.07,clear sky
238,Vestmanna,FO,62.1564,-7.1664,52.72,94,90,16.11,overcast clouds
239,Filingue,NE,14.3521,3.3168,82.81,66,100,15.82,overcast clouds
240,Manokwari,ID,-0.8667,134.0833,82.96,71,93,10.87,overcast clouds
241,Kavieng,PG,-2.5744,150.7967,83.68,74,27,14.36,light rain
242,Olga,RU,43.7444,135.2892,72.36,39,74,3.04,broken clouds
243,Tuktoyaktuk,CA,69.4541,-133.0374,42.8,100,90,3.44,mist
244,Nelson Bay,AU,-32.7167,152.15,74.28,39,0,1.01,clear sky
245,Kirakira,SB,-10.4544,161.9205,83.73,75,31,14.05,scattered clouds
246,Valdivia,CL,-39.8142,-73.2459,41.09,94,10,1.23,clear sky
247,Porto Novo,BJ,6.4965,2.6036,78.62,91,72,4.63,broken clouds
248,Coquimbo,CL,-29.9533,-71.3436,53.33,87,0,4.61,clear sky
249,Lasalgaon,IN,20.15,74.2333,74.77,82,36,9.93,scattered clouds
250,Tyukalinsk,RU,55.8732,72.1967,39.42,83,50,13.73,scattered clouds
251,Arlit,NE,18.7369,7.3853,87.58,11,1,4.72,clear sky
252,Anloga,GH,5.7947,0.8973,77.02,86,60,10.38,broken clouds
253,Provideniya,RU,64.3833,-173.3,47.34,81,10,5.5,clear sky
254,Lavrentiya,RU,65.5833,-171.0,37.0,98,100,11.3,light rain
255,Biak,ID,-0.9131,122.8766,80.58,68,100,6.22,overcast clouds
256,Comodoro Rivadavia,AR,-45.8667,-67.5,46.26,81,90,4.61,overcast clouds
257,Mazamet,FR,43.49,2.373,57.22,95,90,5.75,overcast clouds
258,Avera,US,33.194,-82.5271,78.31,63,100,3.74,overcast clouds
259,Tuatapere,NZ,-46.1333,167.6833,52.83,70,100,6.73,moderate rain
260,Aykhal,RU,66.0,111.5,34.52,61,12,4.47,few clouds
261,Treinta Y Tres,UY,-33.2333,-54.3833,55.98,99,11,6.67,few clouds
262,Merauke,ID,-8.4667,140.3333,81.59,74,100,15.28,overcast clouds
263,Dongying,CN,37.4564,118.4856,65.7,88,100,14.03,light rain
264,Sao Raimundo Nonato,BR,-9.0153,-42.6994,75.36,39,2,4.7,clear sky
265,Kazanskaya,RU,45.4106,40.4361,60.67,74,100,6.29,light rain
266,Kahului,US,20.8947,-156.47,84.22,67,20,28.77,few clouds
267,Port Augusta,AU,-32.5,137.7667,73.54,19,0,15.21,clear sky
268,Hambantota,LK,6.1241,81.1185,82.74,89,20,5.75,few clouds
269,Bilibino,RU,68.0546,166.4372,29.05,71,44,6.35,scattered clouds
270,Linden,GY,6.0,-58.3,75.34,91,100,1.77,overcast clouds
271,Novoagansk,RU,61.9449,76.6625,35.73,97,100,14.58,light rain
272,Priiskovyy,RU,51.9333,116.6333,55.22,56,8,4.97,clear sky
273,Grindavik,IS,63.8424,-22.4338,48.15,87,75,12.66,broken clouds
274,Fortuna,US,40.5982,-124.1573,61.93,66,90,1.01,overcast clouds
275,Aklera,IN,24.4167,76.5667,76.91,93,89,12.33,overcast clouds
276,Antofagasta,CL,-23.65,-70.4,56.48,83,100,4.16,overcast clouds
277,Pingdu,CN,36.7844,119.9464,71.04,86,100,12.73,light rain
278,Havre-Saint-Pierre,CA,50.2334,-63.5986,53.96,76,1,10.36,clear sky
279,Salinopolis,BR,-0.6136,-47.3561,78.49,84,8,10.94,clear sky
280,La Ronge,CA,55.1001,-105.2842,57.45,72,90,9.22,overcast clouds
281,Sioux Lookout,CA,50.1001,-91.917,62.98,63,20,9.22,few clouds
282,Hasaki,JP,35.7333,140.8333,77.4,67,98,24.9,overcast clouds
283,Porto Torres,IT,40.835,8.3972,66.38,81,48,6.24,scattered clouds
284,Yacuanquer,CO,1.1158,-77.4017,46.92,91,22,5.23,few clouds
285,Camacha,PT,33.0833,-16.3333,68.76,73,75,9.22,broken clouds
286,Anchorage,US,61.2181,-149.9003,55.69,61,1,5.75,clear sky
287,Portland,US,45.5234,-122.6762,60.73,89,73,1.99,broken clouds
288,Simao,CN,22.7886,100.9748,74.26,82,72,1.5,light rain
289,Mizdah,LY,31.4451,12.9801,70.97,25,0,1.79,clear sky
290,Nanhai,CN,30.1282,111.7784,89.19,59,99,13.27,light rain
291,Ancud,CL,-41.8697,-73.8203,42.33,84,13,1.61,few clouds
292,Nizhniy Kuranakh,RU,58.8353,125.4869,44.83,59,51,9.75,broken clouds
293,Serenje,ZM,-13.2325,30.2352,57.85,85,96,11.25,overcast clouds
294,Ahvaz,IR,31.3203,48.6693,78.75,38,0,2.3,clear sky
295,Mulege,MX,26.8833,-111.9833,85.33,59,84,1.14,broken clouds
296,Santiago Del Estero,AR,-27.7951,-64.2615,70.81,46,23,7.9,few clouds
297,Berdigestyakh,RU,62.0989,126.6992,39.43,76,61,13.49,broken clouds
298,Jiamusi,CN,46.8333,130.35,47.68,84,100,5.21,light rain
299,Margherita,IN,27.2833,95.6833,81.88,74,27,2.82,scattered clouds
300,Pital,CO,2.2665,-75.8044,68.14,81,87,5.5,overcast clouds
301,Wolfsburg,DE,52.4333,10.8,55.24,86,20,4.92,few clouds
302,Vao,NC,-22.6667,167.4833,68.97,59,100,16.89,overcast clouds
303,Montevideo,UY,-34.8335,-56.1674,58.71,100,40,4.61,scattered clouds
304,Slave Lake,CA,55.2834,-114.769,51.78,82,40,10.36,scattered clouds
305,Luba,GQ,3.4568,8.5547,75.09,88,99,1.25,moderate rain
306,Mehamn,NO,71.0357,27.8492,40.87,79,2,12.19,clear sky
307,Tura,IN,25.5198,90.2201,77.9,90,25,4.21,scattered clouds
308,Westport,US,41.1415,-73.3579,76.55,87,1,3.0,clear sky
309,Najran,SA,17.4924,44.1277,70.45,17,68,1.92,broken clouds
310,Yuli,NG,9.6989,10.2744,73.22,95,57,4.12,broken clouds
311,Kargasok,RU,59.0556,80.8572,41.67,81,100,11.07,overcast clouds
312,Hekinan,JP,34.8833,136.9833,80.55,65,75,3.44,broken clouds
313,Komsomolskiy,UZ,40.4272,71.7189,74.12,25,0,9.22,clear sky
314,Salisbury,GB,51.0693,-1.7957,60.42,94,75,6.91,mist
315,Saryg-Sep,RU,51.5,95.6,64.62,35,4,3.38,clear sky
316,General Pico,AR,-35.6566,-63.7568,61.27,74,0,10.94,clear sky
317,Gemena,CD,3.25,19.7667,69.44,96,100,0.43,overcast clouds
318,Necochea,AR,-38.5473,-58.7368,50.04,85,4,9.98,clear sky
319,Shenjiamen,CN,29.9576,122.298,77.07,80,64,14.29,broken clouds
320,Narsaq,GL,60.9167,-46.05,41.22,98,100,3.36,light rain
321,Kamaishi,JP,39.2667,141.8833,77.95,58,20,5.19,few clouds
322,Kyren,RU,51.6828,102.1408,64.53,49,49,0.4,scattered clouds
323,Paamiut,GL,61.994,-49.6678,36.82,79,100,8.79,overcast clouds
324,Aripuana,BR,-9.1667,-60.6333,74.03,86,26,2.64,scattered clouds
325,Port Hardy,CA,50.6996,-127.4199,53.78,94,75,2.3,light intensity shower rain
326,Bibai,JP,43.3247,141.8586,75.15,54,49,7.49,scattered clouds
327,Cockburn Town,TC,21.4612,-71.1419,82.67,73,0,16.31,clear sky
328,Dubbo,AU,-32.25,148.6167,66.33,34,0,5.75,clear sky
329,Malpe,IN,13.35,74.7167,79.9,86,100,1.95,overcast clouds
330,George Town,MY,5.4112,100.3354,83.89,80,20,3.44,few clouds
331,Riyadh,SA,24.6877,46.7219,77.14,17,0,7.67,clear sky
332,Sisimiut,GL,66.9395,-53.6735,31.66,52,99,8.16,overcast clouds
333,Mbandaka,CD,0.0487,18.2603,69.66,94,99,1.86,overcast clouds
334,Baruun-Urt,MN,46.6806,113.2792,57.33,70,49,15.68,scattered clouds
335,Cuiluan,CN,47.72,128.648,49.68,80,98,2.89,overcast clouds
336,Lasa,IT,46.6166,10.7002,58.08,92,91,2.42,overcast clouds
337,Swift Current,CA,50.2834,-107.8014,70.61,30,75,12.66,broken clouds
338,Kiunga,PG,-6.1219,141.2906,78.66,85,99,3.83,overcast clouds
339,Phan Thiet,VN,10.9333,108.1,75.45,93,100,2.82,light rain
340,Igrim,RU,63.1906,64.4162,33.57,97,100,15.41,light rain
341,Takanosu,JP,40.2219,140.3694,77.22,73,75,2.3,broken clouds
342,Kilindoni,TZ,-7.9139,39.6668,75.67,79,23,7.94,light rain
343,Sur,OM,22.5667,59.5289,82.33,69,5,9.4,clear sky
344,Okhotsk,RU,59.3833,143.3,50.97,63,95,7.43,overcast clouds
345,Lake Charles,US,30.2131,-93.2044,79.99,90,90,5.75,overcast clouds
346,Aginskoye,RU,51.1,114.53,54.34,61,8,9.66,clear sky
347,Karratha,AU,-20.7377,116.8463,88.07,17,3,10.07,clear sky
348,Ivolginsk,RU,51.7492,107.2837,58.66,55,27,8.95,scattered clouds
349,Bury,GB,53.6,-2.3,62.56,90,97,3.09,overcast clouds
350,Billings,US,45.7833,-108.5007,78.57,25,75,17.27,broken clouds
351,Cachoeira Do Sul,BR,-30.0392,-52.8939,61.03,96,42,4.92,scattered clouds
352,Kaeo,NZ,-35.1,173.7833,63.32,61,99,9.37,overcast clouds
353,Mikumi,TZ,-7.4041,36.9831,65.79,79,35,1.72,scattered clouds
354,Lodja,CD,-3.4833,23.4333,67.98,98,100,4.92,overcast clouds
355,Tobermory,CA,45.2501,-81.6665,60.87,57,50,4.5,scattered clouds
356,Gumla,IN,23.05,84.55,77.0,82,97,5.19,overcast clouds
357,Isangel,VU,-19.55,169.2667,80.71,54,75,9.22,broken clouds
358,Haines Junction,CA,60.7522,-137.5108,48.15,76,100,1.14,overcast clouds
359,Baie-Saint-Paul,CA,47.4411,-70.4986,57.18,67,100,10.0,overcast clouds
360,Zeya,RU,53.75,127.2667,53.6,41,7,8.95,clear sky
361,Sharjah,AE,25.3573,55.4033,89.58,63,0,3.44,clear sky
362,Woodburn,US,45.1437,-122.8554,60.33,81,90,3.0,light rain
363,Belluno,IT,46.145,12.2214,65.34,93,93,2.46,overcast clouds
364,Capao Bonito,BR,-24.0058,-48.3494,62.42,98,54,4.7,broken clouds
365,Souillac,MU,-20.5167,57.5167,70.36,88,75,11.5,light rain
366,Meulaboh,ID,4.1363,96.1285,76.26,89,100,5.57,overcast clouds
367,Ahipara,NZ,-35.1667,173.1667,57.69,62,100,9.91,overcast clouds
368,Torres,BR,-29.3353,-49.7269,68.83,92,17,1.39,few clouds
369,Inhambane,MZ,-23.865,35.3833,65.34,57,87,7.58,overcast clouds
370,Abbeville,FR,50.1,1.8333,58.5,80,100,5.01,overcast clouds
371,Asau,RO,46.4333,26.4,53.76,82,19,6.08,few clouds
372,Les Cayes,HT,18.2,-73.75,78.49,86,47,1.61,scattered clouds
373,Mayo,US,38.8876,-76.5119,75.67,94,1,1.01,mist
374,Luanda,AO,-8.8368,13.2343,68.74,88,30,4.97,scattered clouds
375,Stokmarknes,NO,68.5646,14.9108,50.38,70,100,8.1,overcast clouds
376,Ust-Nera,RU,64.5667,143.2,41.34,94,100,12.55,light rain
377,Pacific Grove,US,36.6177,-121.9166,66.76,89,75,1.99,broken clouds
378,Kawambwa,ZM,-9.7915,29.0791,68.52,41,1,7.07,clear sky
379,Athens,GR,37.9795,23.7162,82.2,52,4,5.01,clear sky
380,Halifax,CA,44.6453,-63.5724,68.68,95,100,1.14,overcast clouds
381,Margate,GB,51.3813,1.3862,61.95,88,100,9.37,overcast clouds
382,Sao Joao Da Barra,BR,-21.6403,-41.0511,72.86,88,7,5.77,clear sky
383,Makambako,TZ,-8.8453,34.823,52.12,92,19,4.81,few clouds
384,Nadym,RU,65.5333,72.5167,38.23,88,99,18.88,overcast clouds
385,Daru,PG,-9.0763,143.2092,77.76,88,100,18.03,overcast clouds
386,Kasongo,CD,-4.45,26.6667,67.21,96,99,3.67,overcast clouds
387,Khilok,RU,51.3674,110.4676,59.95,63,67,4.61,broken clouds
388,Alekseyevsk,RU,57.8406,108.3492,56.68,48,100,5.26,overcast clouds
389,Kropotkin,RU,45.4375,40.5756,61.36,74,100,6.49,light rain
390,Kalmunai,LK,7.4167,81.8167,82.98,75,100,5.66,overcast clouds
391,Ostersund,SE,63.1792,14.6357,45.05,87,90,11.5,overcast clouds
392,Virginia Beach,US,36.8529,-75.978,75.04,91,1,3.44,clear sky
393,Vila Franca Do Campo,PT,37.7167,-25.4333,66.61,70,84,5.84,broken clouds
394,Ketchikan,US,55.3422,-131.6461,52.27,93,90,0.0,light rain
395,Mudanjiang,CN,44.5833,129.6,70.36,60,49,6.93,scattered clouds
396,Namatanai,PG,-3.6667,152.4333,85.12,69,91,10.29,overcast clouds
397,Kupang,ID,-10.1667,123.5833,90.18,45,20,20.71,few clouds
398,Turayf,SA,31.6725,38.6637,66.45,37,0,6.91,clear sky
399,Novosergiyevka,RU,52.0934,53.6528,36.36,76,11,4.45,few clouds
400,Gimli,CA,50.6336,-96.9907,69.44,77,0,13.8,clear sky
401,Alexandria,EG,31.2156,29.9553,71.56,83,0,4.61,clear sky
402,Clacton-On-Sea,GB,51.7897,1.156,62.29,91,100,9.73,overcast clouds
403,Ust-Tsilma,RU,65.441,52.1498,37.22,75,100,11.07,overcast clouds
404,Kothen,DE,51.75,11.9667,54.21,91,9,4.74,clear sky
405,Basco,PH,20.4487,121.9702,84.87,77,37,10.96,scattered clouds
406,Buraydah,SA,26.326,43.975,82.85,20,5,7.99,clear sky
407,Henties Bay,NA,-22.116,14.2845,50.86,93,0,5.84,clear sky
408,Yomou,GN,7.5603,-9.2653,69.33,99,92,1.12,overcast clouds
409,Puke,AL,42.0444,19.8997,59.09,92,93,1.68,overcast clouds
410,Hailey,US,43.5196,-114.3153,71.46,17,1,5.75,smoke
411,Svetlogorsk,BY,52.6333,29.7333,47.55,94,100,4.92,overcast clouds
412,Sitio Novo Do Tocantins,BR,-5.5183,-47.4611,79.27,55,6,2.8,clear sky
413,Cukai,MY,4.25,103.4167,87.75,64,67,7.09,broken clouds
414,Waddan,LY,29.1614,16.139,78.08,33,0,9.35,clear sky
415,Soe,ID,-9.8607,124.284,83.32,33,62,12.28,broken clouds
416,Ixtapa,MX,20.7,-105.2,76.23,100,90,13.8,overcast clouds
417,Coahuayana,MX,18.7333,-103.6833,77.41,92,100,2.51,overcast clouds
418,Obo,CF,5.3998,26.4869,66.58,99,100,3.89,light rain
419,Labuhan,ID,-6.8844,112.2051,87.08,57,27,5.3,scattered clouds
420,Namibe,AO,-15.1961,12.1522,59.67,87,8,5.01,clear sky
421,Waitati,NZ,-45.75,170.5667,50.81,80,100,9.71,moderate rain
422,Whitehorse,CA,60.7161,-135.0538,49.01,57,75,5.75,broken clouds
423,Sept-Iles,CA,50.2001,-66.3821,54.05,71,75,5.75,broken clouds
424,Barmer,IN,25.75,71.3833,85.05,70,97,8.01,overcast clouds
425,Roma,US,43.2128,-75.4557,62.46,92,1,0.0,clear sky
426,Madingou,CG,-4.1536,13.55,73.99,76,86,3.76,overcast clouds
427,Tremedal,BR,-14.9758,-41.4108,65.39,68,8,2.89,clear sky
428,Morant Bay,JM,17.8815,-76.4093,82.02,83,50,6.31,scattered clouds
429,Umm Lajj,SA,25.0213,37.2685,80.51,63,2,8.23,clear sky
430,Tabas,IR,33.5959,56.9244,80.37,15,0,2.59,clear sky
431,Santiago,CL,-33.4569,-70.6483,50.95,76,0,8.05,clear sky
432,Erzin,TR,36.9559,36.2,63.32,67,0,2.33,clear sky
433,Las Margaritas,MX,16.3167,-91.9833,60.51,95,19,6.51,few clouds
434,Kodinsk,RU,58.6881,99.1844,55.31,77,31,6.46,scattered clouds
435,Tchibanga,GA,-2.85,11.0333,70.36,92,89,1.28,overcast clouds
436,Cayenne,GF,4.9333,-52.3333,83.08,81,20,1.01,few clouds
437,Gornopravdinsk,RU,60.05,69.9,33.82,98,100,10.49,light rain
438,Menongue,AO,-14.6585,17.691,70.25,56,99,4.79,overcast clouds
439,Vila,PT,42.0304,-8.1588,49.33,91,10,4.21,clear sky
440,Sawakin,SD,19.1059,37.3321,83.88,65,42,4.05,scattered clouds
441,Orchard Homes,US,46.8633,-114.0484,58.59,57,40,1.99,scattered clouds
442,Jaciara,BR,-15.9653,-54.9683,80.28,21,5,3.36,clear sky
443,Le Port,RE,-20.9373,55.2919,67.96,73,79,16.75,broken clouds
444,Jieshi,CN,22.8134,115.8257,85.19,73,65,11.52,broken clouds
445,Luena,AO,-11.7833,19.9167,63.14,68,54,4.32,broken clouds
446,Niamey,NE,13.5137,2.1098,80.89,83,0,9.22,clear sky
447,Okha,RU,53.5739,142.9478,51.01,63,69,20.69,light rain
448,Anyama,CI,5.4946,-4.0518,74.21,91,98,3.15,overcast clouds
449,Itacoatiara,BR,-3.1431,-58.4442,75.97,83,51,0.92,broken clouds
450,Anito,PH,12.4497,125.2886,83.03,79,100,2.21,moderate rain
451,Zhigansk,RU,66.7697,123.3711,36.88,67,99,11.92,overcast clouds
452,Pringsewu,ID,-5.3582,104.9744,89.71,50,72,1.41,broken clouds
453,Ornskoldsvik,SE,63.2909,18.7153,40.15,93,90,3.44,overcast clouds
454,Tahta,EG,26.7693,31.5021,73.51,40,0,6.53,clear sky
455,Laguna,US,38.421,-121.4238,73.38,73,1,5.01,clear sky
456,Capitao Poco,BR,-1.7464,-47.0594,71.26,97,23,4.27,few clouds
457,Gberia Fotombu,SL,9.8833,-11.1667,68.83,97,67,3.13,light rain
458,Geelong,AU,-38.1471,144.3607,64.45,54,75,21.99,light rain
459,Tshikapa,CD,-6.4167,20.8,70.57,89,100,3.65,light rain
460,Tapiramuta,BR,-11.8472,-40.7914,57.51,97,4,3.06,clear sky
461,Chaman,PK,30.9236,66.4512,81.27,13,32,4.74,scattered clouds
462,Woodward,US,36.4337,-99.3904,76.23,50,1,8.05,clear sky
463,Sosnovo-Ozerskoye,RU,52.5249,111.5418,55.56,58,80,5.39,broken clouds
464,Robertsport,LR,6.7533,-11.3686,74.32,97,100,6.64,very heavy rain
465,Nehe,CN,48.4833,124.8333,50.23,74,100,3.06,overcast clouds
466,Nantucket,US,41.2835,-70.0995,66.09,94,1,10.0,clear sky
467,Jutai,BR,-5.1833,-68.9,74.23,86,15,2.66,few clouds
468,Huarmey,PE,-10.0681,-78.1522,62.04,84,87,8.37,overcast clouds
469,Santa Marta,CO,11.2408,-74.199,84.97,75,40,8.99,scattered clouds
470,Tekkali,IN,18.6167,84.2333,82.74,77,100,2.62,overcast clouds
471,Oyama,JP,36.3,139.8,82.65,45,23,5.3,few clouds
472,San Patricio,US,28.017,-97.5169,84.29,68,0,6.64,clear sky
473,Ormara,PK,25.2088,64.6357,80.96,86,26,11.65,scattered clouds
474,Morondava,MG,-20.2833,44.2833,66.07,53,18,14.36,few clouds
475,Hofn,IS,64.2539,-15.2082,51.64,92,57,20.07,broken clouds
476,Maragogi,BR,-9.0122,-35.2225,73.09,78,10,6.62,clear sky
477,Peniche,PT,39.3558,-9.3811,63.88,87,6,20.74,clear sky
478,Mangai,CD,-4.05,19.5333,69.01,96,100,3.53,moderate rain
479,Sale,MA,34.0389,-6.8166,69.82,94,75,0.0,broken clouds
480,Rio Gallegos,AR,-51.6226,-69.2181,41.05,87,75,17.27,broken clouds
481,Kieta,PG,-6.2167,155.6333,84.87,68,91,6.53,light rain
482,Calvinia,ZA,-31.4707,19.776,48.9,59,62,4.85,broken clouds
483,Flinders,AU,-34.5833,150.8552,73.06,37,4,11.99,clear sky
484,Carutapera,BR,-1.195,-46.02,78.12,80,6,7.16,clear sky
485,Manta,EC,-0.95,-80.7333,73.18,88,90,13.8,overcast clouds
486,Lugazi,UG,0.3772,32.9197,62.28,97,100,4.52,overcast clouds
487,Edd,ER,13.9297,41.6925,86.99,61,48,5.84,scattered clouds
488,Olafsvik,IS,64.8945,-23.7142,47.16,71,97,9.84,overcast clouds
489,Touros,BR,-5.1989,-35.4608,77.9,76,7,16.78,clear sky
490,Derzhavinsk,KZ,51.1,66.3167,40.21,73,4,13.02,clear sky
491,Rock Sound,BS,24.9,-76.2,83.3,74,7,9.69,clear sky
492,Raudeberg,NO,61.9875,5.1352,55.2,83,91,9.33,overcast clouds
493,Tigil,RU,57.8,158.6667,61.0,50,100,4.85,overcast clouds
494,Am Timan,TD,11.0297,20.2827,72.9,79,100,3.27,overcast clouds
495,Columbia,US,34.0007,-81.0348,76.21,90,66,3.67,broken clouds
496,Bell Ville,AR,-32.6259,-62.6887,62.08,61,0,9.98,clear sky
497,Arteaga,MX,18.4667,-102.4167,65.43,99,100,2.91,overcast clouds
498,La Brea,HN,15.8,-85.9667,77.11,93,100,3.11,overcast clouds
499,Uhlove,UA,44.8215,33.6045,68.58,83,100,10.13,overcast clouds
500,Moron,AR,-34.6534,-58.6198,62.02,94,0,4.0,light rain
501,Kambove,CD,-10.8764,26.5969,64.27,49,1,5.39,clear sky
502,Aksakovo,BG,43.25,27.8167,62.1,67,0,3.44,clear sky
503,La Grande,US,45.3246,-118.0877,56.59,72,67,3.78,light rain
504,Saint-Augustin,CA,51.226,-58.6502,53.82,76,95,7.49,overcast clouds
505,Sakakah,SA,29.9697,40.2064,78.37,28,0,7.63,clear sky
506,Lima,PE,-12.0432,-77.0282,58.14,82,90,6.91,overcast clouds
507,Ekibastuz,KZ,51.6667,75.3667,47.35,63,53,21.88,broken clouds
508,Gat,IL,31.61,34.7642,73.4,69,0,4.25,clear sky
509,Balkanabat,TM,39.5108,54.3671,73.71,77,8,9.44,clear sky
510,Rapallo,IT,44.3511,9.2297,73.56,93,79,1.99,broken clouds
511,Russell,US,32.3502,-85.1999,73.96,91,20,0.0,few clouds
512,Senneterre,CA,48.3835,-77.2328,50.22,87,94,2.8,overcast clouds
513,Kashima,JP,33.1061,130.0906,82.09,57,5,6.73,clear sky
514,Oussouye,SN,12.485,-16.5469,77.45,89,100,0.96,moderate rain
515,Baghdad,IQ,33.3406,44.4009,80.51,32,0,10.36,clear sky
516,Yazoo City,US,32.8551,-90.4056,79.5,93,31,6.73,scattered clouds
517,Aswan,EG,24.0934,32.907,78.1,31,0,10.36,clear sky
518,Rach Gia,VN,10.0167,105.0833,82.35,71,98,12.44,overcast clouds
519,Griffith,US,41.5284,-87.4237,69.94,83,1,1.01,clear sky
520,Riohacha,CO,11.5444,-72.9072,81.73,74,2,11.65,clear sky
521,Poum,NC,-20.2333,164.0167,71.01,62,1,5.3,clear sky
522,Talara,PE,-4.5772,-81.2719,64.45,86,10,16.4,clear sky
523,Ballina,AU,-28.8667,153.5667,78.98,62,40,16.11,scattered clouds
524,Harrismith,ZA,-28.2728,29.1295,45.43,67,0,4.72,clear sky
525,Kamenka,RU,51.3223,42.7678,48.04,48,100,11.77,light rain
526,Morro Bay,US,35.3658,-120.8499,62.24,83,4,3.0,clear sky
527,Chifeng,CN,42.2683,118.9636,65.26,44,100,1.23,overcast clouds
528,North Bend,US,43.4065,-124.2243,62.51,87,90,11.5,overcast clouds
529,Tommot,RU,58.9564,126.2925,45.84,59,49,11.52,scattered clouds
530,Olinda,BR,-8.0089,-34.8553,76.73,65,40,10.36,scattered clouds
531,San Fernando,PH,15.0286,120.6898,82.49,83,99,2.75,overcast clouds
532,Darhan,MN,49.4867,105.9228,62.92,61,16,3.8,few clouds
533,Pozo Colorado,PY,-23.4923,-58.7972,84.78,32,48,5.17,scattered clouds
534,Srednekolymsk,RU,67.45,153.6833,37.63,44,40,19.13,scattered clouds
535,San Francisco Del Mar,MX,16.2333,-94.65,82.58,80,43,12.8,scattered clouds
536,Nizhniy Tsasuchey,RU,50.5167,115.1333,56.68,53,7,7.67,clear sky
537,Asifabad,IN,19.3667,79.2833,80.26,75,100,2.71,overcast clouds
538,Werda,BW,-25.2667,23.2833,55.89,66,7,9.73,clear sky
539,Muroto,JP,33.2833,134.15,86.04,69,9,3.0,clear sky
540,Grafton,US,42.207,-71.6856,69.31,86,83,4.0,broken clouds
541,Tubuala,PA,9.5167,-79.0333,77.11,83,100,8.28,overcast clouds
542,Ornes,NO,66.8689,13.7078,49.03,69,100,9.33,overcast clouds
543,Juneau,US,58.3019,-134.4197,55.45,82,75,9.22,broken clouds
544,Lingyuan,CN,41.24,119.4011,68.49,52,100,3.09,overcast clouds
545,Aviles,ES,43.5547,-5.9248,58.39,77,0,9.22,clear sky
546,Ginir,ET,7.1333,40.7,59.2,85,87,3.74,overcast clouds
547,Lokosovo,RU,61.1333,74.8167,34.41,97,100,13.13,light rain
548,Aldan,RU,58.6031,125.3894,40.24,69,74,10.56,broken clouds
549,Mitsamiouli,KM,-11.3847,43.2844,77.72,73,9,16.46,clear sky
550,Bridlington,GB,54.0831,-0.1919,64.58,85,100,13.67,overcast clouds
551,Half Moon Bay,US,37.4636,-122.4286,67.91,86,90,5.75,fog
552,Villa Carlos Paz,AR,-31.4241,-64.4978,58.89,78,0,1.99,clear sky
553,Batavia,US,41.85,-88.3126,69.76,72,1,1.01,clear sky
554,Porto Santo,PT,33.072,-16.3415,71.51,73,75,9.22,broken clouds
555,Friesach,AT,46.9553,14.4058,47.7,91,7,2.93,clear sky
556,Port Hedland,AU,-20.3167,118.5667,89.65,11,2,11.5,clear sky
557,Marystown,CA,47.1666,-55.1483,59.04,92,100,8.01,overcast clouds
558,Bud,US,39.447,-86.1758,75.04,87,100,3.13,overcast clouds
559,Sayat,TM,38.7839,63.8803,62.47,19,0,14.61,clear sky
560,Quatre Cocos,MU,-20.2078,57.7625,70.09,81,46,11.36,light rain
561,Iquique,CL,-20.2208,-70.1431,59.04,79,88,3.24,overcast clouds
562,Yuanping,CN,38.7153,112.7575,59.52,90,100,2.08,overcast clouds
563,Ulaangom,MN,49.9811,92.0667,64.15,31,0,4.81,clear sky
564,Moree,AU,-29.4667,149.85,71.62,37,0,5.75,clear sky
565,Luau,AO,-10.7073,22.2247,66.61,70,83,2.68,broken clouds
566,San Pedro,PH,14.35,121.0167,81.63,84,90,4.61,overcast clouds
567,Makhachkala,RU,42.9764,47.5024,60.78,74,55,9.53,broken clouds
568,Faya,SA,18.3851,42.4509,64.51,22,50,3.87,scattered clouds
569,Nabire,ID,-3.3667,135.4833,81.41,82,100,2.17,overcast clouds
570,Oxbow,CA,49.2333,-102.1676,75.15,53,56,13.69,broken clouds
571,Sfantu Gheorghe,RO,45.8667,25.7833,51.26,84,37,3.04,scattered clouds
572,Lata,PT,40.1629,-8.3327,60.82,95,7,2.37,clear sky
573,Maumere,ID,-8.6199,122.2111,84.06,60,65,0.96,broken clouds
574,Kosikha,RU,53.3617,84.5822,48.97,48,74,11.52,broken clouds
575,Tautira,PF,-17.7333,-149.15,78.82,80,67,18.63,light rain
576,Fare,PF,-16.7,-151.0167,77.85,76,4,17.72,light rain
577,Humaita,BR,-7.5061,-63.0208,72.82,95,69,2.71,broken clouds
578,Dolinsk,RU,47.35,142.8,64.26,45,24,11.1,few clouds
579,Ostrovnoy,RU,68.0531,39.5131,36.57,79,8,2.75,clear sky
580,Chase,CA,50.8165,-119.6857,62.35,64,61,3.47,broken clouds
581,Sulphur,US,30.2366,-93.3774,79.99,90,1,0.0,clear sky
582,Kalachinsk,RU,55.0529,74.5751,44.06,82,99,12.71,overcast clouds
583,Japura,ID,-0.3167,102.35,75.79,95,100,3.02,overcast clouds
584,Minnedosa,CA,50.2453,-99.8436,61.36,50,0,10.33,clear sky
585,Kungurtug,RU,50.5994,97.5228,62.64,35,4,0.22,clear sky
586,Christchurch,NZ,-43.5333,172.6333,60.48,52,95,3.0,overcast clouds
587,Niihama,JP,33.9593,133.3167,84.88,66,30,6.51,scattered clouds
588,Limulunga,ZM,-15.0969,23.1376,73.78,47,97,11.36,overcast clouds
589,Sabang,ID,5.8933,95.3214,81.86,71,100,10.38,overcast clouds
590,Winslow,US,35.0242,-110.6974,80.78,51,1,1.01,light rain
591,Aksarka,RU,66.5606,67.7975,32.0,98,100,26.06,snow
592,Katsuura,JP,35.1333,140.3,82.44,66,94,25.55,overcast clouds
593,Kulhudhuffushi,MV,6.6221,73.07,82.27,77,50,8.72,scattered clouds
594,Roald,NO,62.5833,6.1333,57.33,82,90,3.44,overcast clouds
595,Kurilsk,RU,45.2333,147.8833,56.93,94,100,5.99,overcast clouds
596,Panjakent,TJ,39.4952,67.6093,64.2,15,0,5.06,clear sky
597,Kananga,CD,-5.8958,22.4178,69.58,92,100,7.18,overcast clouds
598,Klaksvik,FO,62.2266,-6.589,54.52,88,100,22.28,overcast clouds
599,Lodwar,KE,3.1191,35.5973,77.72,63,83,1.88,light rain
600,Zheleznodorozhnyy,RU,55.7503,38.0042,41.52,73,100,10.18,light rain
601,Mweka,CD,-4.85,21.5667,68.83,93,100,0.87,overcast clouds
602,Hun,LY,29.1268,15.9477,77.86,32,0,8.37,clear sky
603,Mbigou,GA,-1.9005,11.906,66.94,97,100,2.35,light rain
604,Mao,ES,39.8885,4.2658,73.96,78,0,4.61,clear sky
605,Santa Maria,BR,-29.6842,-53.8069,61.9,94,0,5.75,clear sky
606,Morrope,PE,-6.5417,-80.0111,63.48,78,23,14.54,few clouds
607,Fort Nelson,CA,58.8053,-122.7002,45.99,81,75,3.44,broken clouds
608,Moutier,CH,47.2782,7.3695,57.47,92,40,1.14,scattered clouds
609,Cilegon,ID,-6.0174,106.0538,87.69,68,100,5.14,overcast clouds
610,Salalah,OM,17.0151,54.0924,80.69,89,75,5.75,broken clouds
611,Turukhansk,RU,65.8167,87.9833,46.42,72,100,10.67,light rain
612,Kuytun,RU,54.3419,101.5036,57.15,71,97,6.46,overcast clouds
613,Akdepe,TM,42.0551,59.3788,55.49,51,1,10.16,clear sky
614,Sao Jose Da Coroa Grande,BR,-8.8978,-35.1478,73.36,78,11,6.85,few clouds
615,Alofi,NU,-19.0595,-169.9187,84.09,70,4,10.36,light rain
616,Aksu,CN,41.1231,80.2644,77.97,23,0,3.29,clear sky
617,Kysyl-Syr,RU,63.8986,122.7617,41.9,48,97,11.21,overcast clouds
618,Nouadhibou,MR,20.931,-17.0347,75.04,80,91,8.55,overcast clouds
619,Maceio,BR,-9.6658,-35.7353,72.84,94,20,4.61,few clouds
620,Cananea,MX,30.95,-110.3,72.79,64,0,3.11,clear sky
621,Snasa,NO,64.2457,12.3778,40.8,86,100,5.73,overcast clouds
622,Dharchula,IN,29.85,80.5333,77.18,83,38,3.6,scattered clouds
623,Bandar-E Lengeh,IR,26.5579,54.8807,89.71,74,7,6.91,clear sky
624,Agadez,NE,19.75,10.25,83.23,14,44,4.32,scattered clouds
625,Cervo,ES,43.6702,-7.4101,49.19,76,64,7.54,broken clouds
626,Ndele,CF,8.4109,20.6473,69.15,97,99,1.34,overcast clouds
627,Hay River,CA,60.8156,-115.7999,49.98,76,75,3.44,broken clouds
628,Dhidhdhoo,MV,6.8833,73.1,82.27,78,55,8.81,broken clouds
629,Arona,ES,28.0996,-16.681,66.83,70,20,1.01,few clouds
630,Kerema,PG,-7.9631,145.7785,79.29,88,83,4.7,light rain
631,Terney,RU,45.0503,136.6092,66.92,32,52,3.15,broken clouds
632,Pemba,MZ,-12.974,40.5178,74.1,83,20,12.66,few clouds
633,Wewak,PG,-3.5534,143.6268,82.24,80,95,4.9,light rain
634,Krasnoselkup,RU,65.7,82.4667,41.7,82,83,11.59,broken clouds
635,Kidal,ML,18.4411,1.4078,86.68,13,0,6.96,clear sky
636,Rexburg,US,43.826,-111.7897,69.31,44,1,17.27,haze
637,Siguiri,GN,11.6667,-9.5,72.91,93,75,1.3,broken clouds
638,Pingliang,CN,35.5392,106.6861,66.47,55,39,4.99,scattered clouds
639,Conde,BR,-7.2597,-34.9075,72.86,88,20,5.75,few clouds
640,Hovd,MN,48.0056,91.6419,64.33,32,0,5.26,clear sky
641,Qingdao,CN,36.0986,120.3719,71.2,100,90,6.71,light rain
642,Almaznyy,RU,48.0448,40.045,55.54,57,97,11.1,overcast clouds
643,North Augusta,US,33.5018,-81.9651,78.15,78,20,0.0,few clouds
644,San Policarpo,PH,12.1791,125.5072,83.16,75,100,3.47,light rain
645,Bad Liebenzell,DE,48.7667,8.7333,54.03,93,78,3.29,broken clouds
646,Belaya Gora,RU,68.5333,146.4167,32.99,67,100,15.73,overcast clouds
647,Soyo,AO,-6.1349,12.3689,71.13,81,22,5.17,few clouds
648,Pantelho,MX,16.9333,-92.55,59.5,98,20,2.91,few clouds
649,Crossville,US,35.949,-85.0269,68.52,99,20,1.01,few clouds
650,Neuquen,AR,-38.9516,-68.0591,48.09,61,0,0.0,clear sky
651,General Roca,AR,-39.0333,-67.5833,48.6,33,5,8.34,clear sky
652,Yeppoon,AU,-23.1333,150.7333,82.18,54,2,9.37,clear sky
653,Barra Do Garcas,BR,-15.89,-52.2567,76.51,24,3,1.77,clear sky
654,Rio Grande,BR,-32.035,-52.0986,62.94,93,46,8.05,scattered clouds
655,Asfi,MA,32.2994,-9.2372,67.87,79,0,12.33,clear sky
656,Roswell,US,34.0232,-84.3616,74.98,97,75,0.0,mist
657,Hukuntsi,BW,-24.0,21.75,62.4,43,45,13.0,scattered clouds
658,Canavieiras,BR,-15.675,-38.9472,68.27,84,6,2.59,clear sky
659,Kaseda,JP,31.4167,130.3167,81.63,75,21,3.4,few clouds
660,Winton,US,37.3894,-120.6133,79.05,50,1,9.22,clear sky
661,Naliya,IN,23.2667,68.8333,83.59,79,99,11.03,overcast clouds
662,Bichura,RU,50.5881,107.6022,65.32,57,58,1.61,broken clouds
663,Ialibu,PG,-6.2821,143.9935,70.43,94,100,2.37,overcast clouds
664,Revelstoke,CA,50.9832,-118.2023,51.82,87,75,6.91,broken clouds
665,Auki,SB,-8.7676,160.7034,84.65,69,45,6.91,scattered clouds
666,Port-Gentil,GA,-0.7193,8.7815,77.0,80,100,10.38,overcast clouds
667,Praia,CV,14.9215,-23.5087,79.34,94,40,2.3,scattered clouds
668,Lamu,KE,-2.2717,40.902,77.22,86,16,13.49,few clouds
669,Xuddur,SO,4.1213,43.8894,71.19,70,84,14.16,broken clouds
670,Altay,CN,47.8667,88.1167,69.28,29,3,4.74,clear sky
671,San Jeronimo,PE,-11.9472,-75.2829,51.13,68,22,3.44,few clouds
672,Guaymas,MX,27.9333,-110.9,88.88,68,8,4.94,clear sky
673,Baykit,RU,61.67,96.37,49.01,77,85,3.02,overcast clouds
674,Eyl,SO,7.9803,49.8164,78.67,78,90,17.63,overcast clouds
675,Shawville,CA,45.6001,-76.4827,56.21,72,51,4.27,broken clouds
676,Store Heddinge,DK,55.3097,12.3889,51.67,60,97,13.85,overcast clouds
677,Tsabong,BW,-26.0217,22.401,61.14,53,7,17.2,clear sky
678,Nanaimo,CA,49.1663,-123.936,59.09,78,75,4.61,broken clouds
679,Hatillo,PR,18.4863,-66.8254,79.11,87,2,8.63,clear sky
680,Braganca,BR,-1.0536,-46.7656,74.14,90,8,2.59,clear sky
681,Palmer,US,42.1584,-72.3287,70.97,82,75,0.0,broken clouds
682,Hit,IQ,33.6416,42.8251,79.23,30,0,6.53,clear sky
683,Kautokeino,NO,69.0125,23.0412,36.0,84,100,13.4,overcast clouds
684,Zavyalovo,RU,54.5053,82.4484,49.82,57,100,16.84,overcast clouds
685,Ciocanesti,RO,44.6,25.85,60.55,52,48,7.11,scattered clouds
686,Kashi,CN,39.4547,75.9797,73.22,24,0,8.95,clear sky
687,Mgachi,RU,51.05,142.2667,53.92,52,26,12.8,scattered clouds
688,Rundu,NA,-17.9333,19.7667,67.32,36,74,6.04,broken clouds
689,Werder,DE,52.3787,12.934,56.05,79,11,4.21,few clouds
690,Koumac,NC,-20.5667,164.2833,73.78,55,4,8.79,clear sky
691,Cobourg,DE,50.2667,10.9667,54.55,97,12,4.12,few clouds
692,Benguela,AO,-12.5763,13.4055,70.57,83,98,3.02,overcast clouds
693,Bogo,PH,11.0517,124.0055,85.98,69,49,3.51,scattered clouds
694,Agirish,RU,61.9247,63.0231,31.03,93,99,13.87,light snow
695,Mirnyy,RU,62.5353,113.9611,43.95,55,84,3.98,broken clouds
696,Maniitsoq,GL,65.4167,-52.9,35.17,52,3,8.28,clear sky
697,Seoul,KR,37.5683,126.9778,80.17,57,0,5.75,clear sky
698,Chara,RU,56.9064,118.2631,48.4,34,31,3.69,scattered clouds
699,Bhopal,IN,23.2667,77.4,73.63,94,75,5.75,mist
700,Praia Da Vitoria,PT,38.7333,-27.0667,66.76,88,75,8.32,broken clouds
701,Road Town,VG,18.4167,-64.6167,80.69,70,2,13.49,clear sky
702,Maryville,US,35.7565,-83.9705,72.09,98,75,5.75,broken clouds
703,Sirohi,IN,24.8833,72.8667,76.96,88,100,3.27,light rain
704,Moindou,NC,-21.6924,165.677,78.75,52,0,11.7,clear sky
